sample_id	haplotype	n_windows	x1	x2	sd_x1	sd_x2	mean_score
HG00133	2	26035	0.431369	-1.326090	0.056059	0.087543	990.3
HG00128	1	26047	0.427439	-1.327521	0.077049	0.070811	990.6
HG00099	2	26028	0.431349	-1.330237	0.021387	0.068596	990.4
HG00128	2	26009	0.428714	-1.332366	0.020270	0.088025	992.1
HG00097	1	26036	0.430067	-1.335671	0.018738	0.043871	992.6
HG00126	2	26057	0.430618	-1.329775	0.039550	0.059466	990.5
HG00133	1	25949	0.430383	-1.333888	0.019977	0.046097	991.3
HG00140	2	26030	0.431275	-1.328020	0.058630	0.064141	991.0
HG002	1	25744	0.423617	-1.267718	0.065960	0.217956	960.1
HG00232	1	26030	0.431658	-1.334476	0.018953	0.050450	993.0
HG00146	1	26023	0.431974	-1.324621	0.017968	0.065064	988.9
HG00235	1	26063	0.429448	-1.332734	0.019213	0.040185	992.4
HG00146	2	26049	0.432128	-1.330143	0.019816	0.050467	990.6
HG002	2	25478	0.416784	-1.250461	0.160135	0.303896	963.4
HG00253	1	25995	0.428146	-1.337873	0.019615	0.046928	992.6
HG00253	2	26023	0.430345	-1.332981	0.020938	0.048425	990.5
HG00280	1	25782	0.476569	-1.233663	0.025071	0.136762	983.2
HG00280	2	25851	0.472407	-1.246610	0.024192	0.083185	985.2
HG00290	1	25790	0.479215	-1.221337	0.028836	0.130960	982.0
HG00290	2	25798	0.474664	-1.237224	0.024567	0.135284	982.9
HG00320	1	25593	0.466992	-1.244212	0.037404	0.209842	982.4
HG00235	2	26010	0.430980	-1.332321	0.021048	0.044194	990.3
HG00232	2	26038	0.429708	-1.330983	0.019431	0.042165	992.5
HG00321	1	25708	0.475142	-1.231282	0.025428	0.137418	977.9
HG00320	2	25749	0.468896	-1.246525	0.027626	0.138833	982.3
HG00099	1	26029	0.430424	-1.330014	0.045224	0.052467	991.6
HG00321	2	25739	0.469891	-1.238367	0.027713	0.165404	979.8
HG00323	1	25699	0.480259	-1.227741	0.024926	0.064166	984.4
HG00329	1	25774	0.465997	-1.259076	0.029167	0.098727	986.2
HG00344	1	25860	0.447968	-1.298264	0.027170	0.099858	987.9
HG00329	2	25874	0.457352	-1.276314	0.026447	0.124037	987.0
HG00344	2	25668	0.451419	-1.281403	0.048785	0.148199	981.3
HG00350	1	25979	0.449350	-1.298302	0.021449	0.070753	991.3
HG00350	2	25906	0.450631	-1.295778	0.026367	0.053065	989.1
HG00408	1	25961	0.746254	1.408410	0.021722	0.091777	993.4
HG00408	2	26019	0.746640	1.410909	0.019229	0.028145	994.0
HG00097	2	26031	0.429245	-1.333914	0.023819	0.046877	992.0
HG00423	1	26021	0.746064	1.403448	0.024908	0.124811	993.5
HG00423	2	25986	0.746738	1.409594	0.019862	0.059652	993.7
CHM13	0	25987	0.432174	-1.320034	0.024609	0.145655	989.3
HG00438	2	25925	0.745249	1.401242	0.025656	0.143182	991.5
HG005	1	25990	0.746247	1.409862	0.037281	0.046054	992.5
HG00544	2	26020	0.745530	1.403882	0.023527	0.117167	991.7
HG00126	1	26011	0.428738	-1.331882	0.018710	0.058746	991.7
HG005	2	25920	0.744445	1.391617	0.029882	0.195394	988.2
HG00558	1	25994	0.745203	1.404519	0.046040	0.128385	993.9
HG00558	2	25972	0.746148	1.411395	0.038352	0.041895	994.8
HG00597	1	25999	0.746181	1.409892	0.038636	0.064939	993.3
HG00621	1	25943	0.746464	1.409948	0.019861	0.050393	993.3
HG00621	2	25990	0.745626	1.404878	0.023408	0.106600	991.4
HG00140	1	26051	0.430566	-1.330805	0.018832	0.047312	990.0
HG00597	2	25977	0.746597	1.410804	0.018966	0.029639	995.2
HG00642	1	25325	0.357997	-1.097550	0.432035	0.552325	944.7
HG00658	1	25979	0.745501	1.407383	0.041738	0.095934	994.2
HG00642	2	24999	0.290840	-0.957697	0.574816	0.647821	924.3
HG00639	2	24887	0.144845	-0.877505	0.762457	0.709846	926.4
HG00609	1	26013	0.745956	1.405217	0.022603	0.101317	994.2
HG00658	2	25966	0.746112	1.407863	0.029612	0.083927	993.0
HG00673	1	25990	0.746757	1.409886	0.019460	0.042220	994.8
HG00673	2	26031	0.746337	1.409503	0.018677	0.028245	992.4
HG00706	1	25985	0.745059	1.408791	0.064861	0.056413	991.4
HG00706	2	26034	0.746401	1.409714	0.019163	0.034840	994.0
HG00733	1	25370	0.419357	-1.182527	0.212573	0.455851	959.1
HG00544	1	25935	0.745884	1.406559	0.036861	0.094339	993.1
HG00735	1	25453	0.281343	-1.023817	0.587516	0.616573	948.6
HG00738	2	25383	0.288390	-1.031553	0.568418	0.616666	944.4
HG00741	1	25457	0.376522	-1.172877	0.368101	0.473431	960.6
HG00323	2	25765	0.473908	-1.240669	0.027630	0.093161	983.1
HG00741	2	24919	0.136555	-0.812612	0.785434	0.734402	925.7
HG00738	1	25311	0.355784	-1.042183	0.453527	0.599321	946.5
HG01071	2	25139	0.370983	-1.018246	0.416925	0.628915	926.7
HG01071	1	25071	0.319351	-0.952441	0.533380	0.649984	924.5
HG00639	1	25221	0.187924	-0.920002	0.712165	0.679040	937.2
HG01074	2	24773	0.296846	-0.948896	0.572969	0.674451	920.1
HG01081	2	25050	0.329071	-0.864223	0.538124	0.723565	918.0
HG01106	1	24973	0.293454	-0.989733	0.569229	0.646389	932.8
HG01106	2	25327	0.295648	-1.088153	0.546801	0.573273	948.6
HG01099	2	25030	0.259994	-0.906866	0.633670	0.705652	925.7
HG01109	2	25495	-0.952229	-0.245298	1.054045	0.695890	969.1
HG01123	1	25310	0.450073	-0.740579	0.325672	0.785319	907.7
HG00438	1	25968	0.745831	1.405003	0.037182	0.108166	992.9
HG01123	2	25347	0.357693	-0.850728	0.508037	0.747285	924.0
HG01150	1	25173	0.354185	-0.847811	0.513488	0.721799	911.2
HG01081	1	25035	0.090758	-0.866405	0.816268	0.697646	937.5
HG01150	2	25229	0.318058	-0.429084	0.657752	0.823965	893.1
HG01167	1	25103	-0.135113	-0.691142	0.979779	0.762858	939.8
HG00733	2	25070	0.368789	-1.006517	0.432861	0.637064	929.5
HG01175	2	25286	0.311126	-0.979695	0.548033	0.675030	937.5
HG01243	1	25438	-0.919230	-0.234797	1.067594	0.696033	960.3
HG00609	2	26036	0.746197	1.408559	0.020672	0.079718	995.1
HG01192	2	24941	0.303171	-0.894154	0.578975	0.700065	925.0
HG01074	1	25081	0.345354	-1.026870	0.476345	0.603040	933.5
HG01099	1	24876	0.312257	-0.966741	0.549997	0.652714	925.8
HG00735	2	24929	0.272314	-0.868619	0.626798	0.718655	922.7
HG01175	1	25026	0.356520	-1.202592	0.377711	0.422096	957.0
HG01243	2	25377	-0.871508	-0.333262	1.073216	0.732800	968.5
HG01255	1	25154	0.372095	-0.853565	0.472146	0.736744	917.6
HG01255	2	25033	0.176540	-0.522470	0.801593	0.824144	895.2
HG01258	1	25414	0.448469	-1.071436	0.143432	0.568814	935.9
HG01252	1	25091	0.266305	-0.678101	0.675983	0.801946	909.4
HG01192	1	25134	0.147476	-0.659557	0.803689	0.776868	902.0
HG01346	2	25342	0.405115	-0.922571	0.389412	0.698078	912.7
HG01358	2	25250	0.480593	-0.743244	0.200059	0.764775	899.2
HG01358	1	25203	0.411524	-0.699474	0.437379	0.789719	903.8
HG01167	2	25016	0.062968	-0.792841	0.848227	0.742480	933.1
HG01109	1	25133	-0.012038	-0.779946	0.902484	0.756619	947.0
HG01346	1	25196	0.445164	-0.548244	0.410840	0.803362	888.5
HG01261	2	25171	0.230193	-0.590260	0.735176	0.792464	913.7
HG01361	2	24934	0.362486	-0.819551	0.500642	0.760388	903.4
HG01261	1	25510	0.396302	-1.049157	0.357530	0.620972	940.6
HG01433	1	25218	0.188524	-0.689341	0.760096	0.775033	919.9
HG01530	1	25666	0.405531	-1.315073	0.197212	0.148078	983.5
HG01433	2	25404	0.444824	-0.848053	0.295368	0.743919	916.7
HG01496	2	25345	0.201937	-0.401605	0.796234	0.826678	897.2
HG01496	1	25219	0.301056	-0.417836	0.689608	0.807485	880.2
HG01786	2	25928	0.425991	-1.327393	0.036257	0.056470	988.1
HG01786	1	25855	0.422682	-1.323974	0.093804	0.108572	987.3
HG01784	2	25681	0.414908	-1.324278	0.121782	0.103056	983.7
HG01884	1	25935	-1.590311	0.097051	0.544339	0.378200	993.1
HG01884	2	25942	-1.546448	0.074487	0.641475	0.425086	990.5
HG01891	2	25933	-1.671778	0.154289	0.381446	0.261948	995.0
HG01928	1	25994	0.623174	0.353178	0.140957	0.296178	950.7
HG01928	2	26021	0.624169	0.308032	0.069861	0.354591	940.0
HG01934	1	25826	0.587424	0.054613	0.151972	0.640787	910.9
HG01940	1	26050	0.626813	0.361310	0.113270	0.245425	950.7
HG01252	2	25244	0.412552	-0.816534	0.399264	0.758087	915.1
HG01934	2	25732	0.428718	0.085176	0.604339	0.736138	899.1
HG01258	2	25196	0.462293	-0.830568	0.239245	0.744671	899.4
HG01940	2	25678	0.526213	0.034721	0.383528	0.640136	909.6
HG01943	1	25841	0.541037	0.181803	0.391024	0.536272	912.4
HG01943	2	25813	0.599268	0.198243	0.180107	0.486876	922.3
HG01784	1	25675	0.415443	-1.317083	0.132946	0.157279	984.6
HG01960	2	25830	-1.357999	-0.057052	0.823446	0.564751	989.1
HG01960	1	25917	-0.842833	-0.435061	1.077178	0.758854	989.2
HG01361	1	25287	0.411589	-0.809782	0.398827	0.730630	901.2
HG01530	2	25690	0.398360	-1.310564	0.228917	0.174627	984.0
HG01975	2	25869	0.490916	0.198595	0.524471	0.512108	923.3
HG01952	1	25918	0.511497	0.217354	0.489197	0.518610	943.6
HG01975	1	26013	0.595114	0.319491	0.270760	0.329869	936.3
HG01978	2	25510	0.571819	-0.062418	0.152096	0.720146	894.9
HG01981	1	25652	0.577200	-0.043964	0.146533	0.699548	895.8
HG01993	1	25691	0.563380	-0.002106	0.239910	0.714299	902.8
HG01981	2	25714	0.486058	-0.086958	0.458130	0.734075	919.9
HG01978	1	25690	0.593793	0.096847	0.126770	0.610751	914.4
HG01891	1	25898	-1.457271	0.020541	0.734720	0.500000	989.1
HG01993	2	25801	0.612870	0.284567	0.158137	0.411121	930.7
HG01969	2	25968	0.623579	0.320661	0.096638	0.353599	937.7
HG01952	2	26019	0.582388	0.346287	0.333349	0.272158	943.8
HG02015	1	25549	0.737894	1.351626	0.060414	0.302715	977.0
HG02015	2	25255	0.729845	1.294262	0.060111	0.383214	947.2
HG02040	2	25769	0.740136	1.366050	0.040700	0.266193	982.9
HG02055	1	25967	-1.608488	0.114377	0.531321	0.358233	994.0
HG02055	2	25924	-1.390488	-0.036451	0.807541	0.561615	991.4
HG02027	2	25539	0.743103	1.387534	0.029583	0.168320	981.4
HG02056	2	25822	0.743177	1.386696	0.032254	0.183891	984.1
HG02071	1	25745	0.743236	1.392866	0.047696	0.173678	988.5
HG02027	1	25887	0.745916	1.406851	0.020898	0.073421	992.6
HG02071	2	25577	0.739672	1.373298	0.063070	0.232633	977.7
HG02074	1	25875	0.742504	1.385004	0.040684	0.199763	985.5
HG02056	1	25422	0.735961	1.332257	0.045187	0.313494	955.1
HG02074	2	25700	0.740100	1.374074	0.059511	0.236597	981.7
HG02080	2	25757	0.743368	1.390070	0.028896	0.157135	984.8
HG02080	1	25837	0.742440	1.382032	0.035924	0.229963	986.9
HG01969	1	25728	0.531117	-0.245292	0.253621	0.800874	904.9
HG02083	1	25623	0.741117	1.374038	0.037431	0.242250	981.8
HG02109	1	26030	-1.679530	0.158733	0.369529	0.253371	994.7
HG02109	2	25827	-1.340454	-0.068897	0.852624	0.591604	988.1
HG02083	2	25626	0.739671	1.363003	0.039326	0.272410	980.3
HG02129	2	25768	0.742603	1.383372	0.032695	0.213263	984.4
HG02004	2	25721	0.602893	0.144961	0.106899	0.585144	924.0
HG02135	1	25873	0.742651	1.379488	0.036193	0.231184	985.9
HG02145	1	25803	-1.259391	-0.098622	0.916616	0.640907	990.4
HG02129	1	25318	0.729370	1.287356	0.058355	0.382030	938.0
HG02145	2	25972	-1.633723	0.122790	0.483773	0.344778	993.9
HG02155	2	25908	0.744929	1.402728	0.051484	0.124937	989.5
HG02004	1	25781	0.577594	0.057670	0.215086	0.636751	904.6
HG02132	1	25744	0.739432	1.357316	0.044809	0.304421	980.9
HG02148	2	25907	0.614411	0.220891	0.089578	0.493355	936.9
HG02178	1	25986	0.746058	1.408004	0.034858	0.055152	990.6
HG02165	2	25829	0.744438	1.395529	0.025447	0.121508	985.2
HG02165	1	25830	0.744062	1.393171	0.026709	0.136065	982.7
HG02040	1	25820	0.745607	1.402099	0.023506	0.092522	987.0
HG02178	2	25878	0.745202	1.405543	0.033199	0.069161	986.8
HG02257	2	25860	-1.206527	-0.130791	0.950245	0.643050	987.7
HG02132	2	25777	0.741490	1.374671	0.037503	0.224456	980.0
HG02257	1	25892	-1.585418	0.106843	0.577712	0.398968	991.4
HG02273	2	25988	0.633012	0.351222	0.039089	0.251394	953.3
HG02258	2	25882	-1.481725	0.022504	0.703933	0.488579	989.5
HG02280	2	25887	-1.520756	0.045690	0.660961	0.467566	992.7
HG02273	1	26051	0.629828	0.361548	0.085799	0.182916	949.6
HG02258	1	25823	-1.560227	0.084824	0.603924	0.420624	991.1
HG02293	2	25912	0.596749	0.127947	0.147325	0.571506	921.2
HG02280	1	25926	-1.613592	0.144634	0.517179	0.343351	993.2
HG02300	1	25897	0.606342	0.173519	0.095153	0.539016	905.2
HG02293	1	25982	0.620816	0.336264	0.142268	0.318193	943.4
HG02155	1	25854	0.744092	1.396582	0.040654	0.160788	988.2
HG02392	2	25876	0.744043	1.398169	0.046186	0.106337	985.3
HG02148	1	25841	0.604103	0.183461	0.139083	0.553672	932.3
HG02300	2	25510	0.540601	-0.304001	0.180448	0.817781	901.5
HG02391	1	25866	0.744467	1.397265	0.027589	0.148420	989.7
HG02391	2	25932	0.746192	1.407219	0.031709	0.051931	988.6
HG02486	1	25923	-1.629421	0.122514	0.501787	0.349735	994.8
HG02451	1	25929	-1.619179	0.116194	0.508242	0.352922	993.2
HG02135	2	25444	0.738330	1.354084	0.044700	0.289293	974.0
HG02486	2	25805	-1.183423	-0.190182	0.951444	0.666880	989.5
HG02514	1	25574	0.740440	1.368230	0.040646	0.253042	977.6
HG02523	1	25649	0.741643	1.379639	0.044403	0.227392	984.1
HG02514	2	25891	0.743310	1.391336	0.030930	0.183278	989.0
HG02572	1	25918	-1.715176	0.189382	0.095395	0.063419	992.3
HG02572	2	25841	-1.721295	0.191967	0.090997	0.057922	993.6
HG02523	2	25719	0.739430	1.366450	0.063428	0.280948	984.7
HG02559	2	25891	-1.511627	0.068714	0.676641	0.466088	992.7
HG02602	1	25845	0.475942	-0.547923	0.048909	0.273566	967.5
HG02602	2	25901	0.472550	-0.570147	0.035640	0.158232	973.0
HG02559	1	25944	-1.575890	0.111331	0.591746	0.390759	992.5
HG02583	1	25888	-1.718994	0.191843	0.083050	0.049573	992.9
HG02615	1	25501	-1.696853	0.177021	0.207885	0.137418	988.9
HG02615	2	25228	-1.689401	0.174089	0.197037	0.132315	987.6
HG02622	2	25954	-1.718614	0.191616	0.072618	0.045864	994.3
HG02622	1	25939	-1.726094	0.194735	0.061969	0.040883	993.4
HG02647	1	25884	-1.716811	0.188698	0.125037	0.088537	994.1
HG02630	2	25943	-1.707428	0.184573	0.158326	0.096638	993.1
HG02668	2	25783	-1.718988	0.191611	0.058528	0.038962	992.8
HG02698	1	25899	0.473165	-0.591515	0.037687	0.209558	965.8
HG02698	2	25864	0.467236	-0.677856	0.039180	0.183502	958.7
HG02717	1	25926	-1.724078	0.194946	0.032260	0.021525	994.9
HG02717	2	25955	-1.724341	0.194269	0.059151	0.033208	994.2
HG02723	2	25743	-1.718006	0.189485	0.135267	0.085254	991.5
HG02668	1	25951	-1.727807	0.195943	0.045677	0.028201	995.1
HG02630	1	25974	-1.722354	0.193664	0.062026	0.026560	994.7
HG02735	1	25957	0.466717	-0.661924	0.043657	0.170724	968.2
HG02583	2	25908	-1.719599	0.191454	0.092167	0.059870	993.4
HG02735	2	25817	0.473463	-0.631864	0.046369	0.326872	950.4
HG02809	2	25752	-1.708116	0.186442	0.117631	0.071436	991.7
HG02738	2	25930	0.466058	-0.694249	0.033976	0.201731	959.8
HG02809	1	25729	-1.704386	0.181433	0.193878	0.133282	990.7
HG02818	1	25843	-1.717193	0.189162	0.132610	0.087614	993.2
HG02392	1	25893	0.744474	1.400222	0.041240	0.106767	986.7
HG02818	2	25817	-1.695029	0.179177	0.162813	0.113617	991.9
HG02841	2	25879	-1.714986	0.189454	0.065037	0.040464	992.8
HG02886	1	25818	-1.711105	0.186799	0.118168	0.080946	993.2
HG02886	2	25829	-1.706686	0.185766	0.155750	0.085483	991.8
HG02922	2	26036	-1.751027	0.205566	0.026486	0.023258	996.5
HG02965	1	26046	-1.752665	0.206255	0.050875	0.032346	996.6
HG02841	1	25861	-1.706344	0.185148	0.132106	0.081428	992.5
HG02965	2	26029	-1.752017	0.206089	0.023364	0.020769	996.3
HG02451	2	25936	-1.624100	0.127186	0.501061	0.332117	993.0
HG02976	2	26022	-1.750442	0.205366	0.022752	0.021166	996.9
HG02723	1	25872	-1.717372	0.189968	0.114932	0.073677	993.1
HG02647	2	25882	-1.720177	0.192130	0.082520	0.040304	993.8
HG03017	2	26038	0.474199	-0.525702	0.019382	0.127272	978.4
HG03017	1	25976	0.476355	-0.511554	0.018439	0.139231	979.1
HG03041	2	25908	-1.721563	0.189426	0.170219	0.111663	992.6
HG03041	1	25736	-1.719507	0.191463	0.088687	0.057099	993.8
HG03050	1	25890	-1.714224	0.189277	0.101865	0.052200	994.2
HG02984	2	25905	-1.717284	0.189555	0.099573	0.067999	994.0
HG03050	2	25819	-1.716548	0.191546	0.061427	0.037082	993.7
HG03130	2	26040	-1.751631	0.206150	0.028149	0.020364	996.8
HG03139	1	26059	-1.751240	0.205970	0.028885	0.022378	996.3
HG03139	2	26043	-1.753260	0.206311	0.025784	0.021341	996.2
HG03195	1	26054	-1.753989	0.207210	0.029588	0.019088	997.2
HG03098	1	26013	-1.741936	0.201870	0.042813	0.027692	996.2
HG03209	1	26031	-1.733816	0.198094	0.035781	0.022216	994.9
HG03209	2	26037	-1.739826	0.200625	0.105010	0.054358	995.7
HG03195	2	26033	-1.751882	0.206188	0.034213	0.023254	996.4
HG03225	1	26039	-1.744784	0.202901	0.030107	0.019858	996.5
HG03225	2	26016	-1.742600	0.201560	0.036232	0.020203	995.8
HG03239	1	25942	0.463009	-0.730613	0.039322	0.207777	961.6
HG03270	1	26065	-1.755955	0.208192	0.021359	0.021327	997.1
HG02738	1	25919	0.468107	-0.669521	0.025796	0.231766	961.9
HG03270	2	26032	-1.750512	0.205292	0.026705	0.021298	996.5
HG03369	1	26020	-1.745640	0.203652	0.028716	0.022044	996.2
HG03369	2	26015	-1.751147	0.205980	0.029485	0.021080	996.6
HG03098	2	26044	-1.742224	0.201792	0.030838	0.018162	996.3
HG03470	2	26048	-1.741454	0.201224	0.024928	0.018327	996.4
HG03453	2	25986	-1.735585	0.198739	0.030962	0.023018	996.1
HG03470	1	26044	-1.731886	0.197610	0.028537	0.020272	996.0
HG02922	1	26052	-1.754980	0.207242	0.024097	0.019956	997.1
HG03471	2	26008	-1.740518	0.201022	0.092243	0.047474	995.3
HG02976	1	26059	-1.750700	0.205842	0.029467	0.022271	996.2
HG03486	1	26055	-1.747319	0.204387	0.031579	0.019714	996.6
HG03516	1	26055	-1.753209	0.206904	0.025627	0.020386	996.9
HG02984	1	25895	-1.710634	0.187921	0.108310	0.066920	993.6
HG03521	2	26052	-1.755183	0.207327	0.028408	0.021398	996.1
HG03486	2	26040	-1.739207	0.199829	0.075641	0.048473	995.3
HG03521	1	26045	-1.756229	0.207763	0.065738	0.035039	996.5
HG03516	2	26049	-1.747802	0.204950	0.062364	0.029255	996.1
HG03540	1	25972	-1.718549	0.192150	0.037270	0.023185	993.9
HG03540	2	25330	-1.677216	0.169657	0.211937	0.143199	985.7
HG03579	2	26023	-1.737352	0.199634	0.037170	0.021225	995.4
HG03583	1	25991	-1.736896	0.199406	0.034436	0.020429	996.2
HG03654	2	25952	0.472468	-0.578068	0.021451	0.171795	970.2
HG03669	2	25738	0.473598	-0.583736	0.045450	0.280983	958.9
HG03130	1	26050	-1.751819	0.206058	0.029555	0.020437	996.4
HG03669	1	26010	0.481030	-0.470041	0.039275	0.261935	977.1
HG03654	1	25998	0.473539	-0.561955	0.025537	0.197414	968.0
HG03579	1	25973	-1.732895	0.197816	0.036247	0.023344	995.5
HG03688	1	25987	0.477015	-0.479749	0.021070	0.117464	985.2
HG03704	2	25955	0.476235	-0.511906	0.036918	0.194756	975.2
HG03239	2	25973	0.463712	-0.734981	0.025356	0.187245	959.4
HG03688	2	26014	0.477172	-0.474235	0.016758	0.082351	986.5
HG03710	1	25854	0.471688	-0.580228	0.049628	0.202372	963.8
HG03710	2	25900	0.475793	-0.534475	0.025735	0.195545	964.8
HG03704	1	25963	0.475693	-0.535504	0.021020	0.173112	976.3
HG03742	2	25863	0.481864	-0.441443	0.023858	0.145417	980.3
HG03784	1	26020	0.476520	-0.463479	0.034358	0.058854	992.0
HG03453	1	26009	-1.735830	0.198179	0.085135	0.056912	994.6
HG03804	2	25460	0.492444	-0.381416	0.057471	0.294010	955.7
HG03816	2	25078	0.505980	-0.289863	0.072664	0.428666	932.7
HG03784	2	26054	0.476583	-0.460971	0.018693	0.064794	991.2
HG03831	2	25334	0.498911	-0.344556	0.056845	0.388789	944.3
HG03831	1	25128	0.502162	-0.323427	0.060260	0.427579	938.0
HG03834	2	25706	0.492051	-0.381451	0.034286	0.218399	960.5
HG03834	1	25256	0.495911	-0.372855	0.052716	0.382158	939.9
HG03804	1	25446	0.490646	-0.402387	0.035420	0.248331	954.8
HG03816	1	25157	0.500034	-0.331543	0.053764	0.355854	947.3
HG03927	1	25194	0.501911	-0.327692	0.055636	0.380470	934.4
HG03874	2	25973	0.473369	-0.460530	0.129380	0.145011	980.2
HG03471	1	26063	-1.742742	0.202211	0.030974	0.021507	996.9
HG04115	1	25995	0.471246	-0.467394	0.128135	0.112837	984.9
HG03942	2	26002	0.480951	-0.442730	0.023920	0.144496	984.3
HG04115	2	25950	0.475724	-0.475850	0.048011	0.098013	987.6
HG04157	2	25402	0.496761	-0.364297	0.052463	0.370261	945.1
HG04160	1	25372	0.497085	-0.363957	0.052380	0.354466	944.9
HG03874	1	25990	0.473910	-0.485244	0.103242	0.171932	980.6
HG04160	2	25266	0.491639	-0.393170	0.044773	0.285763	946.7
HG03942	1	25999	0.481344	-0.444882	0.026024	0.152797	984.0
HG04187	1	26017	0.479148	-0.468313	0.019551	0.114959	982.6
HG04184	1	25157	0.497638	-0.347142	0.061849	0.365774	945.4
HG03742	1	25895	0.477010	-0.478118	0.048686	0.137141	981.3
HG04187	2	25985	0.480705	-0.446366	0.024836	0.147159	980.4
HG04184	2	25288	0.503101	-0.311211	0.063214	0.409497	944.2
HG04204	1	26018	0.477626	-0.479740	0.019232	0.092922	983.8
HG03583	2	26046	-1.743541	0.202358	0.044442	0.029500	995.9
HG04199	2	25967	0.478418	-0.473772	0.021682	0.116731	981.6
HG04157	1	25373	0.500492	-0.327920	0.054675	0.381060	947.4
HG04228	2	25853	0.489500	-0.378976	0.059480	0.366014	981.4
HG04228	1	25990	0.480333	-0.457597	0.020076	0.123201	984.2
NA18505	2	26058	-1.752839	0.206254	0.027421	0.020228	996.7
NA18505	1	26047	-1.751938	0.206193	0.030572	0.022142	996.2
HG06807	1	25691	-0.985559	-0.293160	1.034267	0.735694	985.0
HG06807	2	25885	-1.579749	0.110794	0.569967	0.372821	991.3
NA18508	1	26035	-1.753930	0.206541	0.023551	0.020163	996.6
NA18522	2	26042	-1.748384	0.204131	0.025984	0.020598	996.4
NA18522	1	26017	-1.744644	0.202981	0.027061	0.022049	996.0
NA18565	1	25986	0.746502	1.408847	0.021414	0.087642	994.5
NA18570	2	26000	0.746374	1.407002	0.022406	0.100427	994.3
NA18565	2	25946	0.745299	1.398957	0.027242	0.158913	992.4
NA18570	1	25962	0.745982	1.405416	0.024225	0.120232	993.6
NA18608	1	25733	0.741038	1.366742	0.039854	0.303438	984.0
NA18608	2	25819	0.741375	1.367937	0.039724	0.300555	986.6
NA18620	2	25765	0.742187	1.379746	0.051689	0.258257	987.1
NA18747	2	25906	0.744941	1.399890	0.028352	0.132755	991.3
NA18747	1	26004	0.746335	1.407916	0.020742	0.063211	993.7
NA18879	2	26038	-1.749081	0.204589	0.026071	0.019986	996.5
NA18906	1	26004	-1.748685	0.204339	0.038120	0.028237	994.8
NA18906	2	26046	-1.741118	0.201711	0.033745	0.022132	996.1
NA18620	1	25609	0.741335	1.370986	0.038549	0.275931	983.6
NA18940	1	26052	0.746084	1.408225	0.019938	0.028772	994.0
NA18879	1	26053	-1.748072	0.204722	0.032467	0.020692	996.7
NA18940	2	26009	0.745545	1.404340	0.020053	0.049999	991.9
NA18943	1	25961	0.745540	1.403623	0.021682	0.079981	990.3
NA18943	2	25988	0.746071	1.406439	0.019618	0.051207	991.4
NA18944	2	26014	0.746089	1.408508	0.019451	0.033351	992.6
NA18945	1	26009	0.746436	1.409124	0.019494	0.038847	994.5
HG04199	1	25992	0.482003	-0.434477	0.025733	0.143337	982.2
NA18948	2	26007	0.746560	1.408655	0.019117	0.028051	994.4
NA18508	2	26040	-1.745448	0.203750	0.052048	0.027096	995.9
NA18952	2	26047	0.746488	1.408838	0.018769	0.028258	993.2
NA18960	1	25994	0.746459	1.407749	0.018831	0.034829	992.6
HG03927	2	25245	0.493648	-0.380547	0.048914	0.258554	951.3
NA18959	1	25985	0.745936	1.407991	0.030717	0.031723	992.6
NA18960	2	25967	0.746052	1.405879	0.019803	0.062400	990.7
NA18959	2	26001	0.745595	1.405633	0.039785	0.035207	991.1
NA18952	1	26048	0.746300	1.406955	0.019575	0.049505	992.5
HG04204	2	26007	0.477101	-0.428271	0.104420	0.076433	987.1
NA18945	2	25958	0.746182	1.405870	0.019529	0.048966	992.1
NA18970	1	26039	0.745947	1.407974	0.018884	0.032224	993.5
NA18970	2	26013	0.745871	1.407447	0.036953	0.065472	993.9
NA18971	1	26000	0.746363	1.407362	0.019303	0.032401	992.7
NA18944	1	26029	0.746462	1.408360	0.018932	0.028490	993.1
NA18974	2	25953	0.746267	1.407941	0.018744	0.036964	993.0
NA18974	1	25981	0.746507	1.408679	0.019010	0.031682	993.7
NA18967	1	26042	0.746485	1.408062	0.019323	0.043492	993.9
NA18982	1	25979	0.746096	1.409009	0.019068	0.030458	993.5
NA18971	2	25955	0.746238	1.407376	0.019434	0.042112	991.9
NA18948	1	26014	0.745978	1.406968	0.019553	0.047791	992.8
NA18983	1	26034	0.745518	1.407130	0.044708	0.034318	993.2
NA18982	2	25993	0.745490	1.406096	0.039901	0.057720	991.2
NA19036	2	25731	-1.679073	0.175804	0.084463	0.040072	989.5
NA19043	1	25580	-1.662309	0.168307	0.138119	0.065842	988.6
NA18983	2	25986	0.745599	1.405724	0.021427	0.047745	991.1
NA19159	2	26034	-1.748427	0.205173	0.027758	0.021288	996.2
NA19043	2	25745	-1.680352	0.176246	0.088360	0.050348	990.6
NA19087	1	25974	0.745417	1.408045	0.046640	0.042801	993.7
NA19185	1	26043	-1.757136	0.208674	0.028302	0.022153	997.2
NA19159	1	26009	-1.750087	0.204695	0.067321	0.042492	996.0
NA19185	2	26053	-1.746089	0.203588	0.027873	0.020759	996.3
NA19087	2	26040	0.746432	1.408282	0.019052	0.033348	993.5
NA19240	1	26056	-1.749858	0.205057	0.028432	0.021337	996.6
NA19338	1	25513	-1.671763	0.171647	0.119637	0.072947	987.7
NA18967	2	26056	0.746221	1.408454	0.018486	0.035997	994.5
NA19338	2	25375	-1.673167	0.172835	0.131613	0.063989	987.5
NA19240	2	26012	-1.748571	0.204364	0.025730	0.021205	996.6
NA19391	1	25761	-1.699891	0.184398	0.074640	0.048962	991.8
NA19443	1	25643	-1.674047	0.173609	0.055037	0.029752	989.4
NA19036	1	25728	-1.683685	0.177307	0.046906	0.029351	989.5
NA19443	2	25623	-1.662387	0.168899	0.069470	0.042684	988.0
NA19391	2	25760	-1.683019	0.176517	0.120911	0.072277	989.6
NA19682	1	25472	0.493545	-0.390934	0.314419	0.843958	896.2
NA19835	1	25879	-1.471784	0.027004	0.716557	0.495420	991.1
NA19700	2	25712	-1.280441	-0.108239	0.888848	0.618741	987.6
NA19776	1	25491	0.292777	-0.428263	0.696546	0.815881	910.7
NA19468	1	25582	-1.663635	0.168337	0.151368	0.092432	985.9
NA19468	2	25654	-1.667473	0.170186	0.153687	0.086106	987.0
NA18976	1	25985	0.745287	1.399311	0.027696	0.160081	993.2
NA19909	1	25717	-1.520180	0.101755	0.656924	0.382504	987.4
NA19776	2	25361	0.337017	-0.331413	0.654553	0.844709	897.9
NA19700	1	25852	-1.392310	-0.039001	0.791337	0.551216	992.1
NA20129	1	25714	-1.566501	0.084328	0.581467	0.396918	990.4
NA19909	2	25485	-1.446953	0.032018	0.743518	0.482009	986.6
NA20129	2	25712	-0.855017	-0.211294	1.086781	0.713951	971.3
NA20503	1	25977	0.424498	-1.323687	0.052233	0.098688	984.1
NA19835	2	25711	-1.265713	-0.100494	0.899287	0.621350	983.7
NA20346	2	25742	-1.231707	-0.053668	0.929207	0.646980	987.3
NA20503	2	25932	0.424313	-1.316375	0.064679	0.088078	981.8
NA20346	1	25847	-1.484182	0.064247	0.720069	0.449207	989.5
NA20282	2	25769	-1.215106	-0.137114	0.933767	0.653901	988.0
NA20762	1	25804	0.423164	-1.317516	0.042162	0.089854	981.6
NA20752	2	25932	0.426150	-1.308274	0.038548	0.106455	978.2
NA19682	2	25384	0.498927	-0.467403	0.275104	0.844298	896.8
NA20752	1	25952	0.421200	-1.323335	0.033345	0.082086	983.7
NA20799	1	25871	0.423856	-1.319315	0.062225	0.145015	983.2
NA20762	2	25955	0.423837	-1.320339	0.037321	0.079226	982.2
NA20805	1	25898	0.422928	-1.317781	0.056279	0.121964	982.9
NA20282	1	25830	-1.054156	-0.218797	1.021726	0.690425	982.4
NA20806	1	25986	0.422518	-1.325302	0.021004	0.073120	987.5
NA20809	2	25904	0.424664	-1.309763	0.064553	0.166027	981.3
NA20809	1	25917	0.421803	-1.322040	0.047184	0.075351	982.6
NA20827	1	25976	0.422426	-1.308308	0.090659	0.145611	981.0
NA20827	2	25916	0.423166	-1.317978	0.051995	0.092653	982.4
NA20870	1	25922	0.466177	-0.704143	0.036045	0.172770	962.2
NA20850	2	25861	0.467191	-0.659194	0.048755	0.193570	963.2
NA18976	2	26003	0.746417	1.409270	0.019134	0.038210	993.9
NA20870	2	25980	0.465492	-0.717932	0.024344	0.207158	954.7
NA20905	1	26015	0.470841	-0.568002	0.064898	0.123192	977.8
NA20905	2	25901	0.471990	-0.565283	0.019041	0.132595	977.5
NA21093	2	25993	0.470874	-0.566011	0.019549	0.121063	985.4
NA21102	1	25999	0.470626	-0.568577	0.019552	0.109856	983.5
NA21093	1	26033	0.471521	-0.543535	0.017431	0.104696	988.2
NA21106	2	26027	0.472507	-0.548924	0.029161	0.097331	984.4
NA21106	1	26041	0.471447	-0.555393	0.018078	0.084563	988.4
NA21110	1	25983	0.471188	-0.567261	0.028112	0.095714	983.8
NA21102	2	26031	0.471669	-0.547545	0.017852	0.098325	986.8
NA21144	2	26030	0.471085	-0.555387	0.036291	0.104208	986.0
NA21110	2	26032	0.470976	-0.557257	0.018985	0.109497	984.9
NA21309	2	23407	-1.553167	0.115871	0.292794	0.165537	945.3
NA20850	1	25977	0.465799	-0.698264	0.022148	0.196201	956.3
NA20806	2	25977	0.425149	-1.318626	0.042347	0.115476	983.2
NA20805	2	26004	0.424521	-1.318942	0.031015	0.110179	985.0
NA21309	1	23325	-1.547340	0.113646	0.276880	0.163741	939.5
NA21144	1	26020	0.470375	-0.568836	0.048676	0.143186	984.3
NA20799	2	25843	0.423545	-1.319231	0.024875	0.074481	980.9
